run, gray_time, hsl_time, yuv_time
1, 0.344704, 4.982493, 1.944942
2, 0.314489, 4.836062, 1.430460
3, 0.264060, 4.514740, 1.423372
