run, gray_time, hsl_time, yuv_time
1, 0.105089, 1.104269, 0.475698
2, 0.108119, 1.097615, 0.478159
3, 0.103713, 1.111143, 0.478320
