run, gray_time, hsl_time, yuv_time
1, 0.090932, 0.948985, 0.378577
2, 0.091464, 0.967422, 0.384445
3, 0.093314, 0.934706, 0.381381
