run, gray_time, hsl_time, yuv_time
1, 0.097001, 1.008123, 0.417693
2, 0.097798, 1.764149, 0.716828
3, 0.098593, 1.010500, 0.419709
