run, gray_time, hsl_time, yuv_time
1, 0.118896, 1.491242, 0.700934
2, 0.148330, 1.499842, 0.699726
3, 0.141605, 1.517280, 0.702926
