run, gray_time, hsl_time, yuv_time
1, 0.160249, 2.583518, 0.916117
2, 0.157077, 2.582187, 0.832153
3, 0.152290, 2.582798, 0.916911
