run, gray_time, hsl_time, yuv_time
1, 0.089897, 0.917950, 0.374924
2, 0.090895, 0.897414, 0.346350
3, 0.087675, 0.902238, 0.671922
