run, gray_time, hsl_time, yuv_time
1, 0.121044, 1.256052, 0.559946
2, 0.117315, 1.248302, 0.556895
3, 0.121834, 1.240792, 0.557199
