run, gray_time, hsl_time, yuv_time
1, 0.909174, 0.909366, 3.115199
2, 0.909394, 0.909176, 3.104443
3, 0.909686, 0.909494, 3.098396
