run, gray_time, hsl_time, yuv_time
1, 0.126271, 1.686217, 0.697047
2, 0.126381, 1.692389, 0.696518
3, 0.125144, 1.690313, 0.696174
