run, gray_time, hsl_time, yuv_time
1, 0.933528, 0.933568, 3.166519
2, 0.937451, 0.937453, 3.158907
3, 0.934358, 0.934393, 3.146556
