run, gray_time, hsl_time, yuv_time
1, 1.051890, 1.051867, 1.051972
2, 1.064827, 1.064823, 1.064821
3, 1.052205, 1.052221, 1.052196
