run, gray_time, hsl_time, yuv_time
1, 0.974633, 0.974632, 3.234353
2, 0.997659, 0.997660, 3.251562
3, 0.974964, 0.974967, 3.232112
