run, gray_time, hsl_time, yuv_time
1, 0.610558, 2.567335, 1.999368
2, 0.610572, 2.557824, 1.999081
3, 0.610680, 2.562232, 1.982897
