run, gray_time, hsl_time, yuv_time
1, 0.692352, 2.710814, 2.206967
2, 0.692786, 2.699100, 2.231697
3, 0.692229, 2.690161, 2.221671
