run, gray_time, hsl_time, yuv_time
1, 0.387044, 4.281840, 2.415488
2, 0.385962, 4.283028, 2.417483
3, 0.385652, 4.283160, 2.418114
