run, gray_time, hsl_time, yuv_time
1, 0.594093, 2.660338, 2.004687
2, 0.593878, 2.622997, 2.003837
3, 0.594513, 2.647023, 2.002759
