run, gray_time, hsl_time, yuv_time
1, 0.705956, 2.840180, 2.298398
2, 0.733976, 2.840205, 2.302239
3, 0.705449, 2.847981, 2.297476
