run, gray_time, hsl_time, yuv_time
1, 0.152777, 1.960377, 0.872673
2, 0.153695, 1.960764, 0.908232
3, 0.154602, 1.965827, 0.872802
