run, gray_time, hsl_time, yuv_time
1, 1.043344, 1.043304, 1.043340
2, 1.043446, 1.043434, 1.043437
3, 1.042533, 1.042534, 1.042527
