run, gray_time, hsl_time, yuv_time
1, 1.061340, 1.061298, 1.061333
2, 1.061756, 1.061726, 1.061750
3, 1.061102, 1.061115, 1.061099
