run, gray_time, hsl_time, yuv_time
1, 0.956292, 0.956331, 3.204692
2, 0.961461, 0.961461, 3.194693
3, 0.958980, 0.958982, 3.199935
