run, gray_time, hsl_time, yuv_time
1, 1.069512, 1.069440, 1.069505
2, 1.069208, 1.069238, 1.069225
3, 1.069475, 1.069511, 1.069503
