run, gray_time, hsl_time, yuv_time
1, 0.208868, 2.521566, 1.232935
2, 0.209145, 2.517693, 1.233330
3, 0.208423, 2.506283, 1.286433
