run, gray_time, hsl_time, yuv_time
1, 0.541444, 0.541418, 0.541403
2, 0.542114, 0.542126, 0.542072
3, 0.541052, 0.541025, 0.541051
