run, gray_time, hsl_time, yuv_time
1, 0.544257, 0.544261, 0.544260
2, 0.545395, 0.545422, 0.545384
3, 0.546253, 0.546224, 0.546202
