run, gray_time, hsl_time, yuv_time
1, 0.146529, 2.657943, 1.178317
2, 0.146210, 2.657269, 1.173795
3, 0.145774, 2.659355, 1.177225
