run, gray_time, hsl_time, yuv_time
1, 0.474016, 0.473831, 8.299307
2, 0.473428, 0.473234, 8.326991
3, 0.472946, 0.472778, 8.330058
