run, gray_time, hsl_time, yuv_time
1, 0.339467, 7.709852, 3.584378
2, 0.339367, 7.730139, 3.583567
3, 0.340306, 7.709437, 3.583943
