run, gray_time, hsl_time, yuv_time
1, 0.387710, 7.907890, 3.778389
2, 0.388105, 7.907759, 3.754055
3, 0.387775, 7.890833, 3.751594
