run, gray_time, hsl_time, yuv_time
1, 0.201194, 3.464527, 1.528169
2, 0.202497, 3.465988, 1.525206
3, 0.200605, 3.462231, 1.526666
