run, gray_time, hsl_time, yuv_time
1, 0.339453, 7.705928, 3.582942
2, 0.339371, 7.737152, 3.585080
3, 0.338831, 7.710439, 3.585988
