run, gray_time, hsl_time, yuv_time
1, 0.374288, 8.001677, 3.805181
2, 0.373803, 8.002162, 3.800543
3, 0.374049, 7.984043, 3.789417
