run, gray_time, hsl_time, yuv_time
1, 0.378255, 6.251729, 2.813031
2, 0.377466, 6.250114, 2.792166
3, 0.377786, 6.254570, 2.800730
