run, gray_time, hsl_time, yuv_time
1, 0.494496, 0.494533, 8.402919
2, 0.493785, 0.493821, 8.436097
3, 0.493918, 0.493921, 8.414946
