run, gray_time, hsl_time, yuv_time
1, 0.502170, 0.502208, 8.475747
2, 0.502726, 0.502760, 8.482553
3, 0.514763, 0.514801, 8.488471
