run, gray_time, hsl_time, yuv_time
1, 0.401458, 7.885185, 3.749578
2, 0.387877, 7.894438, 3.748051
3, 0.387601, 7.899513, 3.760812
