run, gray_time, hsl_time, yuv_time
1, 0.494709, 0.494746, 8.450586
2, 0.497297, 0.497310, 8.557022
3, 0.494341, 0.494342, 8.405456
