run, gray_time, hsl_time, yuv_time
1, 0.120104, 2.283929, 0.996560
2, 0.120114, 2.275812, 0.994406
3, 0.119741, 2.284765, 0.998496
