run, gray_time, hsl_time, yuv_time
1, 0.374312, 7.994447, 3.785802
2, 0.374116, 7.982683, 3.812210
3, 0.374179, 7.994686, 3.793612
