run, gray_time, hsl_time, yuv_time
1, 0.541465, 0.541506, 0.541452
2, 0.542291, 0.542393, 0.542370
3, 0.542999, 0.542994, 0.542947
