run, gray_time, hsl_time, yuv_time
1, 0.537840, 0.537813, 0.537853
2, 0.538312, 0.538269, 0.538282
3, 0.538031, 0.537988, 0.537991
