run, gray_time, hsl_time, yuv_time
1, 0.543297, 0.543273, 0.543267
2, 0.546460, 0.546485, 0.546419
3, 0.543603, 0.543561, 0.543524
