run, gray_time, hsl_time, yuv_time
1, 0.537577, 0.537539, 0.537574
2, 0.538714, 0.538666, 0.538718
3, 0.555208, 0.555206, 0.555223
