run, gray_time, hsl_time, yuv_time
1, 0.338239, 7.987143, 3.635915
2, 0.337961, 7.827285, 3.657010
3, 0.338153, 7.819745, 3.658824
