run, gray_time, hsl_time, yuv_time
1, 0.119699, 2.281626, 0.993839
2, 0.119322, 2.279836, 0.995865
3, 0.120021, 2.281663, 0.995094
