run, gray_time, hsl_time, yuv_time
1, 0.492522, 0.492524, 8.321770
2, 0.472828, 0.472662, 8.314450
3, 0.473715, 0.473715, 8.320852
