run, gray_time, hsl_time, yuv_time
1, 0.145997, 2.657650, 1.176125
2, 0.145686, 2.703312, 1.177422
3, 0.145014, 2.658129, 1.176118
