run, gray_time, hsl_time, yuv_time
1, 0.533676, 0.533616, 0.533719
2, 0.533742, 0.533663, 0.533700
3, 0.533992, 0.533998, 0.533984
