run, gray_time, hsl_time, yuv_time
1, 0.337697, 7.824324, 3.673769
2, 0.338237, 7.811797, 3.640014
3, 0.337576, 7.835113, 3.654327
