run, gray_time, hsl_time, yuv_time
1, 0.378656, 6.262213, 2.811373
2, 0.378242, 6.260628, 2.795364
3, 0.376664, 6.262232, 2.796633
