run, gray_time, hsl_time, yuv_time
1, 0.501664, 0.501664, 8.444547
2, 0.501850, 0.501890, 8.451375
3, 0.501651, 0.501687, 8.440395
