run, gray_time, hsl_time, yuv_time
1, 0.484752, 0.484750, 8.373875
2, 0.484239, 0.484268, 8.370181
3, 0.485219, 0.485243, 8.356275
