run, gray_time, hsl_time, yuv_time
1, 0.484693, 0.484694, 8.376458
2, 0.484711, 0.484711, 8.374165
3, 0.483699, 0.483699, 8.368390
