run, gray_time, hsl_time, yuv_time
1, 0.202023, 3.471298, 1.535647
2, 0.200714, 3.470965, 1.536333
3, 0.202075, 3.474133, 1.535902
