run, gray_time, hsl_time, yuv_time
1, 0.533591, 0.533556, 0.533513
2, 0.533526, 0.533482, 0.533448
3, 0.533422, 0.533372, 0.533523
