run, gray_time, hsl_time, yuv_time
1, 0.204758, 3.038254, 1.237593
2, 0.204314, 3.051457, 1.238266
3, 0.204555, 3.038116, 1.238171
