run, gray_time, hsl_time, yuv_time
1, 0.150409, 2.152223, 0.877039
2, 0.150744, 2.151937, 0.876303
3, 0.150441, 2.150429, 0.876148
