run, gray_time, hsl_time, yuv_time
1, 0.909064, 0.908856, 3.088924
2, 0.908961, 0.908764, 3.096034
3, 0.908613, 0.908439, 3.094413
