run, gray_time, hsl_time, yuv_time
1, 1.068833, 1.068921, 1.068919
2, 1.069633, 1.069626, 1.069630
3, 1.069907, 1.069835, 1.069830
