run, gray_time, hsl_time, yuv_time
1, 0.974188, 0.974188, 3.239753
2, 0.975380, 0.975412, 3.224399
3, 0.974819, 0.974820, 3.222465
