run, gray_time, hsl_time, yuv_time
1, 1.060702, 1.060783, 1.060765
2, 1.060836, 1.060853, 1.060809
3, 1.060689, 1.060702, 1.060686
