run, gray_time, hsl_time, yuv_time
1, 1.051384, 1.051384, 1.051344
2, 1.052489, 1.052486, 1.052471
3, 1.051799, 1.051800, 1.051795
