run, gray_time, hsl_time, yuv_time
1, 0.123976, 1.681369, 0.699904
2, 0.123521, 1.681337, 0.700459
3, 0.123494, 1.678876, 0.698028
