run, gray_time, hsl_time, yuv_time
1, 0.691367, 2.692536, 2.209020
2, 0.692103, 2.696356, 2.209002
3, 0.691361, 2.689085, 2.207979
