run, gray_time, hsl_time, yuv_time
1, 0.704216, 2.929421, 2.300852
2, 0.716961, 2.927317, 2.297342
3, 0.716988, 2.926103, 2.299498
