run, gray_time, hsl_time, yuv_time
1, 0.955462, 0.955455, 3.187404
2, 0.955730, 0.955729, 3.189347
3, 0.956105, 0.956137, 3.188770
