run, gray_time, hsl_time, yuv_time
1, 0.935047, 0.935071, 3.145202
2, 0.933781, 0.933783, 3.143052
3, 0.933394, 0.933419, 3.137784
