run, gray_time, hsl_time, yuv_time
1, 0.609191, 2.526454, 1.985357
2, 0.610091, 2.545009, 2.003926
3, 0.609274, 2.529694, 1.983692
