run, gray_time, hsl_time, yuv_time
1, 1.041885, 1.041881, 1.041799
2, 1.042625, 1.042617, 1.042594
3, 1.042297, 1.042284, 1.042233
