run, gray_time, hsl_time, yuv_time
1, 0.593139, 2.757297, 2.006948
2, 0.592945, 2.773182, 2.005547
3, 0.592094, 2.759647, 2.004828
