run, gray_time, hsl_time, yuv_time
1, 0.377887, 5.933747, 2.423448
2, 0.378005, 5.931898, 2.435010
3, 0.377797, 5.929413, 2.427630
